{
  "version":  "3.5.0",
  "energy":    -1.6550201660804707E-02,
  "virial": [
     1.0098033649735865E-02,
     1.4274977507719307E-03,
     1.3094243374908896E-03,
     1.4274977507719312E-03,
     7.4447470241608268E-03,
    -3.7117976660595723E-03,
     1.3094243374908896E-03,
    -3.7117976660595714E-03,
     7.9500100334087311E-03
  ],
  "gradient": [
    -3.4241614899458391E-05,
     3.5453762457028795E-05,
     3.2399443746219551E-05,
    -1.7992917346518192E-05,
    -1.5548265876376959E-05,
     6.6272773235545910E-05,
    -5.4391438719861900E-06,
    -2.5213758477881959E-05,
     5.9588654343063219E-05,
     7.7950502320303670E-06,
     2.6502723462286787E-06,
     7.1838197553215606E-05,
     3.1993019596144020E-05,
     1.4204165487055898E-05,
     5.8421827378217732E-05,
    -2.2768156421144788E-06,
    -4.1696791126267194E-05,
     3.4233349544038234E-05,
     2.2581121569670423E-05,
    -6.0157074230539027E-05,
     3.4878199337285929E-05,
    -3.4270700770191565E-05,
    -6.6457717836554091E-05,
     2.0358589117951301E-05,
    -1.4038203033704986E-05,
     4.2289990550956903E-06,
    -9.1396958051896378E-06,
    -3.2618832189388606E-06,
     1.1771504955958629E-06,
     5.7299280963303346E-06,
    -4.0280700125583189E-06,
    -1.4564163590208608E-05,
     2.2257974304769222E-05,
     3.5132274831805238E-06,
    -1.1064442190680637E-05,
     8.9682770293467157E-06,
     2.3740493593555057E-06,
    -1.1202750727191916E-05,
     3.3107413680350439E-06,
     3.6078166324240761E-06,
    -1.7858977542561787E-05,
     6.1459101005888282E-06,
    -5.0214751616967432E-06,
    -1.3150832923897462E-05,
     3.6931752251025222E-06,
    -8.3397525453636790E-06,
    -1.5099988183930489E-05,
     1.0707333593873339E-05,
    -5.3006909174611551E-06,
    -2.1848781901535829E-05,
     4.8894193806911566E-06,
     5.6688600879382556E-06,
     8.6754680076228503E-06,
     1.3108038053915363E-05,
     1.8559769791286677E-05,
     6.4450447422345307E-06,
    -2.5531225577764537E-06,
     3.9152232016660964E-05,
     1.7923154585176471E-05,
     1.3566791374247246E-05,
     5.2879622597135549E-05,
     1.5080307168269225E-06,
     9.2970155514957596E-07,
     7.0779163943338866E-05,
     2.0724577152240808E-05,
    -9.8426884269892836E-06,
     5.2966101476943643E-05,
    -1.1985390727435070E-05,
    -2.5283599525913938E-05,
     6.6233051224497638E-06,
     1.3245431381122619E-05,
     7.4482601032858492E-06,
     1.3327655515733811E-05,
     7.1002073187265085E-06,
    -2.0055916795058171E-06,
     2.3021166438198698E-05,
     1.2594110613158805E-05,
    -3.8300269963806624E-06,
     1.7982685640232054E-05,
     2.6098786541453412E-06,
    -3.3666788171905326E-07,
    -1.0666832570174457E-05,
     1.6855704541768109E-06,
     3.1995063613433241E-05,
    -1.8925037515165026E-05,
    -3.7694620264705756E-05,
     1.2955180742656197E-05,
    -2.0794845755227728E-05,
    -1.9899763864324821E-05,
    -3.0035405761024601E-07,
    -2.8968533112239806E-05,
    -2.7448350083195718E-05,
     9.8899909679528055E-06,
    -4.9842187810107237E-05,
    -1.1773735914018030E-05,
     1.7283074205711042E-06,
    -7.4433581979349969E-06,
    -3.3270350421592885E-05,
    -1.6815020652563333E-05,
     7.0195222055102377E-06,
    -4.4040483649217123E-05,
    -2.7479876132346552E-05,
    -2.3543209011121986E-05,
    -3.7108334321064239E-05,
    -3.1497442880572554E-05,
    -3.2363882038859826E-05,
     3.3073540163392502E-06,
    -2.2210111506849597E-05,
    -1.0216574641186521E-05,
    -2.7901245377281359E-05,
    -4.2130305136727271E-05,
     8.0141774622735832E-06,
    -1.7364386550674731E-05,
     6.0159895365371220E-06,
    -6.9047774869280663E-06,
    -1.1704589871081490E-05,
     2.5355582767621232E-06,
    -1.5108036465613316E-06,
    -4.3131371885324882E-06,
     1.1967563306217295E-06,
    -2.6436451534566594E-06,
    -2.5041285271452328E-06,
     5.4094926838573542E-08,
    -4.4294045097611943E-06,
    -8.0811334320402152E-06,
    -6.1988661286923808E-06,
     2.5901271889617787E-06,
    -4.8667123897173279E-06,
    -1.0110129941198189E-05,
    -9.9955452453271885E-06,
    -1.3222481878411804E-06,
     1.7468828364243535E-06,
    -2.4561948489656412E-05,
     9.8940741970690893E-06,
    -2.6644882077410939E-06,
    -9.4641551328953615E-06,
    -2.1219905672346480E-06,
     5.1910594071424760E-06,
     1.9614380386753829E-05,
    -8.0221160307345052E-06,
    -2.2035887224819029E-05,
     7.8943563341027811E-06,
    -1.0858132948400600E-05,
    -1.4166107531015970E-05,
     6.0384941894293880E-06,
    -3.1097317114756861E-06,
    -1.0293566991461227E-05,
     3.7297607497172317E-05,
    -2.5826697839170314E-06,
    -2.3916147800620890E-05,
     2.1868647856945880E-05,
     1.2667537112249489E-05,
    -3.2400242005201328E-05,
     8.7647262552379970E-06,
     1.4731255156624972E-05,
    -1.1826526103655359E-05,
    -3.6204480225574244E-06,
     4.3157379376679887E-06,
     1.6947532573204337E-05,
     3.9481899038567451E-06,
     1.0187543543496494E-06,
     6.0149084112696562E-06,
    -5.2988707415465089E-05,
     8.6025962940885674E-06,
     3.0092268618360353E-05,
     2.4898823827096823E-05,
     2.3926190703008321E-05,
    -1.3772109569080508E-05,
     1.4216422378629026E-06,
     2.5836619332882550E-05,
    -2.3444467162353277E-05,
    -3.2615525736820017E-05,
     1.4949998915890565E-05,
    -8.2606364555201417E-06,
    -2.8614466046012468E-05,
     5.3474977270647263E-05,
     8.6200789809440913E-06,
     1.3834738360996667E-05,
     1.8615759031499746E-05,
    -5.9666324283146167E-05,
    -3.8320006568793063E-06,
     4.6431230163860373E-05,
    -1.6464311066097729E-05,
    -1.1188811719533569E-05,
     4.6812220371347044E-05,
    -3.4598863794314075E-05,
     3.2967402891724294E-05,
     6.7415775684646695E-06,
    -1.2178562094519720E-05,
     1.3795162761314991E-05,
     4.9679450933862109E-06,
    -1.1871956480601301E-05,
    -5.4306703263760340E-06,
     4.9112729918906982E-06,
    -6.7641054512980537E-06,
    -1.2176732791220199E-05,
     6.0581228388701312E-06,
     6.2074635120565353E-06,
    -1.0493654053162275E-05,
     1.3590591230582780E-05,
     1.0503934353112075E-06,
     5.0419889748673357E-06,
     8.1537113625458050E-06,
    -1.8201784135298872E-05,
    -1.0058531445480028E-05,
     1.2384538163456114E-05,
    -3.6763318533316766E-06,
     6.6414159292392421E-06,
    -2.0909520661279945E-05,
     3.1690556532078190E-05,
     4.3665634488914021E-05,
    -8.8489836680390524E-06,
    -1.4384049257521781E-05,
     2.0827544380838409E-06,
     5.9133248199516713E-06,
    -1.1647677959435765E-05,
     3.3670768798609391E-06,
     9.2180580710689264E-06,
    -8.8371459906117236E-06,
    -2.3504225888813457E-05,
     4.5335717349064053E-05,
    -1.1113301122768862E-05,
    -1.0360215816152261E-05,
     2.1606963059172048E-05,
     1.5816985813141580E-06,
    -1.3468481864921824E-05,
     1.1345805707631449E-05,
    -3.9505786888593883E-06,
    -7.0310336439079581E-05,
     2.4498181014984972E-05,
    -9.8380299382093540E-07,
    -1.4387396387544634E-05,
     3.7435157005295155E-06,
    -4.1620885176087762E-06,
    -1.7010514344704545E-05,
     2.7098281425740631E-06,
    -2.7028189078837123E-06,
     4.3782672063919851E-05,
     3.3482074781279329E-05,
    -3.9203162833730878E-05,
     1.6147188582871839E-05,
     1.1671138377588172E-05,
    -1.0832369359387187E-05,
     1.3025148471598531E-05,
     1.0452806151572732E-05,
    -1.0507455992610512E-05
  ]
}
